episode,episode_length,episode_reward,frame,step,total_time
0.0,1000.0,137.39064452602258,0,0.0,0.0004172325134277344
10.0,1000.0,103.07052907397872,10000,10000.0,157.7342631816864
20.0,1000.0,150.86883637226373,20000,20000.0,412.4741303920746
